"Store ID","Title","Slug","Permalink","Status","Published At","Featured","Excerpt","Cover Image URL"
"019bbc3e-20be-7f38-85ed-c6867a6c0cfc","Elevate Your Guest Experience: The Secret to 5-Star Reviews","elevate-your-guest-experience-the-secret-to-5-star-reviews","/blog/elevate-your-guest-experience-the-secret-to-5-star-reviews","published","2026-01-31T09:52:44.290Z","false","","https://centa-hr.s3.eu-west-3.amazonaws.com/019bbc22-ee74-7bfa-a6af-0a801a3d2e24/2783ccb2-767a-49ee-b667-7fb9be676039-cover-1769853164294.jpg"
"019bbc3e-20be-7f38-85ed-c6867a6c0cfc","How Tech Is Transforming Hotel Management & Guest Experience","how-tech-is-transforming-hotel-management-and-guest-experience","/blog/how-tech-is-transforming-hotel-management-and-guest-experience","published","2026-01-31T09:49:42.867Z","false","","https://centa-hr.s3.eu-west-3.amazonaws.com/019bbc22-ee74-7bfa-a6af-0a801a3d2e24/8c4b939d-1133-405e-bb05-aa16c726aa63-cover-1769852982871.jpg"
"019bbc3e-20be-7f38-85ed-c6867a6c0cfc","The Ultimate Hotel Room Checklist: What Every Guest Expects","the-ultimate-hotel-room-checklist-what-every-guest-expects","/blog/the-ultimate-hotel-room-checklist-what-every-guest-expects","published","2026-01-31T09:47:16.082Z","false","There’s something magical about stepping into a hotel room for the first time.

Maybe it’s the hush that falls behind you as the door clicks shut. ","https://centa-hr.s3.eu-west-3.amazonaws.com/019bbc22-ee74-7bfa-a6af-0a801a3d2e24/9078343d-e468-436b-bf10-b374293c1862-cover-1769852836087.jpg"
"019bbc3e-20be-7f38-85ed-c6867a6c0cfc","Top 10 Must-Have Hotel Supplies for a Luxurious Guest Experience","top-10-must-have-hotel-supplies-for-a-luxurious-guest-experience","/blog/top-10-must-have-hotel-supplies-for-a-luxurious-guest-experience","published","2026-01-31T09:44:54.209Z","false","","https://centa-hr.s3.eu-west-3.amazonaws.com/019bbc22-ee74-7bfa-a6af-0a801a3d2e24/046111b6-699e-4110-b304-53c59a3ba7c2-cover-1769852694214.jpg"
"019bbc3e-20be-7f38-85ed-c6867a6c0cfc","Trends In Hotel Supplies: What’s New And What’s Next?","trends-in-hotel-supplies-what-s-new-and-what-s-next","/blog/trends-in-hotel-supplies-what-s-new-and-what-s-next","published","2026-01-31T09:42:45.165Z","false","The hospitality industry is in a constant state of transformation, driven by both innovation and evolving guest expectations. In today's world, where sustainability and personalization are key, keeping up with the latest trends in hotel supplies is essential for any hotelier aiming to deliver an exceptional guest experience. ","https://centa-hr.s3.eu-west-3.amazonaws.com/019bbc22-ee74-7bfa-a6af-0a801a3d2e24/7f2d2e90-c992-4ca3-b06f-179583fbf2f5-cover-1769852565175.jpg"
"019bbc3e-20be-7f38-85ed-c6867a6c0cfc","Top 5 Essential Hotel Amenities For A 5 Star Guest Experience","top-5-essential-hotel-amenities-for-a-5-star-guest-experience","/blog/top-5-essential-hotel-amenities-for-a-5-star-guest-experience","published","2026-01-31T09:41:22.749Z","false","In the realm of luxury hospitality, certain amenities stand out as indispensable for providing guests with a truly exceptional experience. From lavish bedding to personalized service, here are the top five essentials that define a 5-star stay","https://centa-hr.s3.eu-west-3.amazonaws.com/019bbc22-ee74-7bfa-a6af-0a801a3d2e24/83f34bd5-a0b8-4346-8c04-58edf206fdc2-cover-1769852482754.jpg"
"019bbc3e-20be-7f38-85ed-c6867a6c0cfc","Guest Expectations: What Hoteliers Need to Know","guest-expectations-what-hoteliers-need-to-know","/blog/guest-expectations-what-hoteliers-need-to-know","published","2026-01-31T09:37:46.216Z","false","Understanding guest expectations is crucial for delivering exceptional hospitality and creating loyal customers. In today's competitive hotel industry, it's essential to know what guests really want from their hotel stay.","https://centa-hr.s3.eu-west-3.amazonaws.com/019bbc22-ee74-7bfa-a6af-0a801a3d2e24/22570f68-769e-4af5-a8d2-cac1cc518445-cover-1769852266221.jpg"
"019bbc3e-20be-7f38-85ed-c6867a6c0cfc","The Psychology of Hotel Room Design: Colours, Textures, and Furniture","the-psychology-of-hotel-room-design-colours-textures-and-furniture","/blog/the-psychology-of-hotel-room-design-colours-textures-and-furniture","published","2026-01-31T09:36:13.887Z","false","","https://centa-hr.s3.eu-west-3.amazonaws.com/019bbc22-ee74-7bfa-a6af-0a801a3d2e24/2605c368-2acd-4576-a2c7-e560d7c5ce84-cover-1769852173892.jpg"
"019bbc3e-20be-7f38-85ed-c6867a6c0cfc","Essential Public Area Supplies & In-Room Amenities for Hotels and Short-Lets in Nigeria","essential-public-area-supplies-and-in-room-amenities-lets-in-nigeria","/blog/essential-public-area-supplies-and-in-room-amenities-lets-in-nigeria","published","2026-01-31T09:33:48.102Z","false","In hospitality, the small details shape the guest experience. Whether you run a hotel, serviced apartment, short-let, lounge, or office reception space, the way your public areas and guest-facing amenities are presented sets the tone for professionalism, comfort, and brand reliability.","https://centa-hr.s3.eu-west-3.amazonaws.com/019bbc22-ee74-7bfa-a6af-0a801a3d2e24/35495953-cc96-449e-831a-2680d4c53ab3-cover-1769852028109.jpg"